Workbook

Sheet Sheet1
A1: Tenant Directory
A2: Exported On: 05/13/2025 04:01 PM
A4: Tenants: Active
A5: Tenant Status: Current
A6: Tenant Type: Financially Responsible
A7: Entities: Active Properties
A9: Property Name | B9: Unit | C9: Tenant | D9: Tenant Street Address 1 | E9: Tenant City | F9: Tenant State | G9: Tenant Zip | H9: First Name | I9: Last Name
A10: S0001 - 90 Park St | B10: Retail 1 | C10: Bueno Grocery LLC | D10: 98-100 Park Street | E10: Hartford | F10: CT | G10: 06106 | H10: Jose | I10: Bueno
A11: S0001 - 90 Park St | B11: Retail 2 | C11: El Bohio Cafe 2 LLC | D11: 90-92 Park Street | E11: Hartford | F11: CT | G11: 06106 | H11: Maritza | I11: Estrada
A12: S0001 - 90 Park St | B12: 6 | C12: Colon, Joanna | D12: 96 Park Street | E12: Hartford | F12: CT | G12: 06106 | H12: Joanna | I12: Colon
A13: S0001 - 90 Park St | B13: 7 - old | C13: Santiago, German | D13: 94 Park Street | E13: Hartford | F13: CT | G13: 06106 | H13: German | I13: Santiago
A14: S0001 - 90 Park St | B14: 10 | C14: Estrada, Maritza | D14: 96 Park Street | E14: Hartford | F14: CT | G14: 06106 | H14: Maritza | I14: Estrada
A15: S0001 - 90 Park St | B15: 5 - B | C15: Valdez, Rosa M. | D15: 94 Park Street | E15: Hartford | F15: CT | G15: 06106 | H15: Rosa | I15: Valdez
A16: S0001 - 90 Park St | B16: 5 - B | C16: Santiago , Jose A. | D16: 94 Park Street | E16: Hartford | F16: CT | G16: 06106 | H16: Jose | I16: Santiago
A17: S0001 - 90 Park St | B17: 5 - C | C17: Lorenzo , Wilbert | D17: 94 Park Street | E17: Hartford | F17: CT | G17: 06106 | H17: Wilbert | I17: Lorenzo
A18: S0001 - 90 Park St | B18: 9 | C18: Rodriguez , Jessica | D18: 94 Park Street | E18: Hartford | F18: CT | G18: 06106 | H18: Jessica | I18: Rodriguez
A19: S0001 - 90 Park St | B19: 5 - D | C19: Cintron, Steve | D19: 94 Park Street | E19: Hartford | F19: CT | G19: 06106 | H19: Steve | I19: Cintron
A20: S0001 - 90 Park St | B20: 4 | C20: Trevino, Amanda P. | D20: 96 Park Street | E20: Hartford | F20: CT | G20: 06106 | H20: Amanda | I20: Trevino
... A50: S0007 - 36 Whit | B50: 1W | C50: Wallace, Taurie M. | D50: 36 Whitmore Street | E50: Hartford | F50: CT | G50: 06114 | H50: Taurie | I50: Wallace
A51: S0007 - 36 Whit | B51: 3W | C51: Gonzalez, Jeanete Mercedez | H51: Jeanete Mercedez | I51: Gonzalez
A52: S0007 - 36 Whit | B52: 1E | C52: Vargas-Espinosa, Carmen R. | D52: 36 Whitmore Street | E52: Hartford | F52: CT | G52: 06114 | H52: Carmen | I52: Vargas-Espinosa
A53: S0008 - 38 Whit | B53: 2W | C53: Jordan , Samantha L. | D53: 38 Whitmore Street | E53: Hartford | F53: CT | G53: 06114 | H53: Samantha | I53: Jordan
A54: S0008 - 38 Whit | B54: 2E | C54: Thomas , Tiffani | D54: 38 Whitmore Street | E54: Hartford | F54: CT | G54: 06114 | H54: Tiffani | I54: Thomas
A55: S0008 - 38 Whit | B55: 1W | C55: Torres, Sylvanna | D55: 38 Whitmore Street | E55: Hartford | F55: CT | G55: 06114 | H55: Sylvanna | I55: Torres
A56: S0008 - 38 Whit | B56: 3E | C56: Negron-Soto, Migdalia | D56: 38 Whitmore Street | E56: Hartford | F56: CT | G56: 06114 | H56: Migdalia | I56: Negron-Soto
A57: S0008 - 38 Whit | B57: 1E | C57: Smith, Toccara D. | D57: 38 Whitmore Street | E57: Hartford | F57: CT | G57: 06114 | H57: Toccara | I57: Smith
A58: S0008 - 38 Whit | B58: 3W | C58: Arroyo-Mendez, Sanya M. | D58: 38 Whitmore Street | E58: Hartford | F58: CT | G58: 06114 | H58: Sanya | I58: Arroyo-Mendez
A59: S0011 - 110 Martin | B59: 1 | C59: Smith, Roxanne | D59: 110 Martin St | E59: Hartford | F59: CT | G59: 06120 | H59: Roxanne | I59: Smith
A60: S0011 - 110 Martin | B60: 2 | C60: Leach, Tammy | D60: 110 Martin St | E60: Hartford | F60: CT | G60: 06120 | H60: Tammy | I60: Leach
A61: S0011 - 110 Martin | B61: 5 | C61: Barno Swain, Lerona | D61: 110 Martin St | E61: Hartford | F61: CT | G61: 06120 | H61: Lerona | I61: Barno Swain
A62: S0011 - 110 Martin | B62: 7 | C62: Coleman, Theresa | D62: 110 Martin St | E62: Hartford | F62: CT | G62: 06120 | H62: Theresa | I62: Coleman
A63: S0011 - 110 Martin | B63: 4 | C63: Rivera, Salena R. | D63: 110 Martin St | E63: Hartford | F63: CT | G63: 06120 | H63: Salena | I63: Rivera
... A96: S0018 - 90 Edwards | B96: 90C | C96: Mara Branch , Claryssa | D96: 90 Edwards St | E96: Hartford | F96: CT | G96: 06010 | H96: Claryssa | I96: Mara Branch
A97: S0020 - 31 Park | B97: Retail 1 | C97: Danny's Grocery | D97: 33 Park St | E97: Hartford | F97: CT | G97: 06106
A98: S0021 - 69 Park | B98: COM 67 Park | C98: Boostmobile | D98: 67 Park St | E98: Hartford | F98: CT | G98: 61606 | H98: BOOST | I98: Mobile
A99: S0021 - 69 Park | B99: 201 | C99: Corona, Domitila | D99: 67-69 Park St | E99: Hartford | F99: CT | G99: 61606 | H99: Domitila | I99: Corona
A100: S0021 - 69 Park | B100: 202 | C100: Nunez, Maria | D100: 67-69 Park St | E100: Hartford | F100: CT | G100: 61606 | H100: Maria | I100: Nunez
A101: S0021 - 69 Park | B101: 302 | C101: Lockhart, Omyra | D101: 67-69 Park St | E101: Hartford | F101: CT | G101: 61606 | H101: Omyra | I101: Lockhart
A102: S0021 - 69 Park | B102: COM 75 Park | C102: Mi Sabor Restaurant | D102: 75 Park St | E102: Hartford | F102: CT | G102: 61606 | H102: VICTORINO | I102: RODRIGUEZ
A103: S0021 - 69 Park | B103: 301 | C103: Garcia, Nelida | D103: 67-69 Park St | E103: Hartford | F103: CT | G103: 61606 | H103: Nelida | I103: Garcia
A104: S0021 - 69 Park | B104: 301 | C104: Montas Jr, Manuel | D104: 67-69 Park St | E104: Hartford | F104: CT | G104: 61606 | H104: Manuel | I104: Montas Jr
A105: S0022 - 87 Park | B105: COM 83 Park | C105: Antojitos - Donde Julio Restaurant | D105: 83 Park Street | E105: Hartford | F105: CT | G105: 06106
A106: S0022 - 87 Park | B106: COM 85 Park | C106: Casa De Envios Cargo | D106: 85 Park Street | E106: Hartford | F106: CT | G106: 06106 | H106: Adriana | I106: Calle
A107: S0022 - 87 Park | B107: 201 | C107: Vega, Victor | D107: 83-91 Park St | E107: Hartford | F107: CT | G107: 06106 | H107: Victor | I107: Vega
A108: S0022 - 87 Park | B108: 202 | C108: Rivera, Carlos | D108: 83-91 Park St | E108: Hartford | F108: CT | G108: 06106 | H108: Carlos | I108: Rivera
A109: S0022 - 87 Park | B109: 203 | C109: Barrientos, Julio | D109: 83-91 Park St | E109: Hartford | F109: CT | G109: 06106 | H109: Julio | I109: Barrientos
A110: S0022 - 87 Park | B110: 301 | C110: Wentworth, John W. | D110: 83-91 Park St | E110: Hartford | F110: CT | G110: 06106 | H110: John | I110: Wentworth
A111: S0022 - 87 Park | B111: 302 | C111: Cruz, Jeffrey | D111: 83-91 Park St | E111: Hartford | F111: CT | G111: 06106 | H111: Jeffrey | I111: Cruz
A112: S0022 - 87 Park | B112: 303 | C112: Serrano, Sandra | D112: 83-91 Park St | E112: Hartford | F112: CT | G112: 06106 | H112: Sandra | I112: Serrano
A113: S0022 - 87 Park | B113: COM 89 Park | C113: Hair Heaven Beauty Salon | D113: 87 Park Street | E113: Hartford | F113: CT | G113: 06106 | H113: first3 | I113: last3
A114: S0022 - 87 Park | B114: COM 91 Park | C114: Brother's Barbershop | D114: 91 Park Street | E114: Hartford | F114: CT | G114: 06106
A115: S0023 - 57-59 Park | B115: 2W | C115: Soto, Minerva | D115: 57 Park St | E115: Hartford | F115: CT | G115: 06106 | H115: Minerva | I115: Soto
A116: S0023 - 57-59 Park | B116: COM 57 Park | C116: Hartford Pharmacy II | D116: 57 Park St | E116: Hartford | F116: CT | G116: 06106
A117: S0023 - 57-59 Park | B117: 2E | C117: Rodriguez, Ronald | D117: 59 Park St | E117: Hartford | F117: CT | G117: 06106 | H117: Ronald | I117: Rodriguez
A118: S0023 - 57-59 Park | B118: 2W | C118: Rivera, Jose | H118: Jose | I118: Rivera
A120: Total

Sheet Sheet2
A1: First_name | B1: Last_name | C1: Organization | D1: Address1 | E1: Address2 | F1: City | G1: State | H1: Zip | I1: Country_non-US | J1: Tenants phone # | K1: Make & model (Car1) | L1: Color | M1: License plate number | N1: Make & model (Car2) | O1: Color | P1: License plate number | Q1: Make & model (Car3) | R1: Color | S1: License plate number
A2: =Sheet1!H10 -> Jose | B2: =Sheet1!I10 -> Bueno | C2: =Sheet1!A10 -> S0001 - 90 Park St | D2: =Sheet1!D10 -> 98-100 Park Street | E2: =Sheet1!B10 -> Retail 1 | F2: =Sheet1!E10 -> Hartford | G2: =Sheet1!F10 -> CT | H2: =Sheet1!G10 -> 06106 | J2: (860) 951-1559
A3: =Sheet1!H11 -> Maritza | B3: =Sheet1!I11 -> Estrada | C3: =Sheet1!A11 -> S0001 - 90 Park St | D3: =Sheet1!D11 -> 90-92 Park Street | E3: =Sheet1!B11 -> Retail 2 | F3: =Sheet1!E11 -> Hartford | G3: =Sheet1!F11 -> CT | H3: =Sheet1!G11 -> 06106 | J3: (860) 834-7953 | K3: 2011 Dodge Nitro Truck | L3: Black | M3: RF-84779 | N3: 2019 Chevrolet Cruze | O3: Silver | P3: 796XXP
A4: =Sheet1!H12 -> Joanna | B4: =Sheet1!I12 -> Colon | C4: =Sheet1!A12 -> S0001 - 90 Park St | D4: =Sheet1!D12 -> 96 Park Street | E4: =Sheet1!B12 -> 6 | F4: =Sheet1!E12 -> Hartford | G4: =Sheet1!F12 -> CT | H4: =Sheet1!G12 -> 06106 | J4: (860) 818-5098
A5: =Sheet1!H13 -> German | B5: =Sheet1!I13 -> Santiago | C5: =Sheet1!A13 -> S0001 - 90 Park St | D5: =Sheet1!D13 -> 94 Park Street | E5: =Sheet1!B13 -> 7 - old | F5: =Sheet1!E13 -> Hartford | G5: =Sheet1!F13 -> CT | H5: =Sheet1!G13 -> 06106 | J5: (860) 244-3209 | K5: (Duplicate)
A6: =Sheet1!H14 -> Maritza | B6: =Sheet1!I14 -> Estrada | C6: =Sheet1!A14 -> S0001 - 90 Park St | D6: =Sheet1!D14 -> 96 Park Street | E6: =Sheet1!B14 -> 10 | F6: =Sheet1!E14 -> Hartford | G6: =Sheet1!F14 -> CT | H6: =Sheet1!G14 -> 06106 | J6: (Duplicate)
A7: =Sheet1!H15 -> Rosa | B7: =Sheet1!I15 -> Valdez | C7: =Sheet1!A15 -> S0001 - 90 Park St | D7: =Sheet1!D15 -> 94 Park Street | E7: =Sheet1!B15 -> 5 - B | F7: =Sheet1!E15 -> Hartford | G7: =Sheet1!F15 -> CT | H7: =Sheet1!G15 -> 06106 | J7: (860) 982-9716
A8: =Sheet1!H16 -> Jose | B8: =Sheet1!I16 -> Santiago | C8: =Sheet1!A16 -> S0001 - 90 Park St | D8: =Sheet1!D16 -> 94 Park Street | E8: =Sheet1!B16 -> 5 - B | F8: =Sheet1!E16 -> Hartford | G8: =Sheet1!F16 -> CT | H8: =Sheet1!G16 -> 06106
A9: =Sheet1!H17 -> Wilbert | B9: =Sheet1!I17 -> Lorenzo | C9: =Sheet1!A17 -> S0001 - 90 Park St | D9: =Sheet1!D17 -> 94 Park Street | E9: =Sheet1!B17 -> 5 - C | F9: =Sheet1!E17 -> Hartford | G9: =Sheet1!F17 -> CT | H9: =Sheet1!G17 -> 06106 | J9: (860) 655-0107
A10: =Sheet1!H18 -> Jessica | B10: =Sheet1!I18 -> Rodriguez | C10: =Sheet1!A18 -> S0001 - 90 Park St | D10: =Sheet1!D18 -> 94 Park Street | E10: =Sheet1!B18 -> 9 | F10: =Sheet1!E18 -> Hartford | G10: =Sheet1!F18 -> CT | H10: =Sheet1!G18 -> 06106 | J10: (860) 461-4044 | K10: 2003 Honda Accord | L10: Blue | M10: AM-78297
A11: =Sheet1!H19 -> Steve | B11: =Sheet1!I19 -> Cintron | C11: =Sheet1!A19 -> S0001 - 90 Park St | D11: =Sheet1!D19 -> 94 Park Street | E11: =Sheet1!B19 -> 5 - D | F11: =Sheet1!E19 -> Hartford | G11: =Sheet1!F19 -> CT | H11: =Sheet1!G19 -> 06106 | J11: (860) 960-5042
A12: =Sheet1!H20 -> Amanda | B12: =Sheet1!I20 -> Trevino | C12: =Sheet1!A20 -> S0001 - 90 Park St | D12: =Sheet1!D20 -> 96 Park Street | E12: =Sheet1!B20 -> 4 | F12: =Sheet1!E20 -> Hartford | G12: =Sheet1!F20 -> CT | H12: =Sheet1!G20 -> 06106 | J12: (860) 984-5689
A13: =Sheet1!H21 -> Angelica | B13: =Sheet1!I21 -> Adorno | C13: =Sheet1!A21 -> S0001 - 90 Park St | D13: =Sheet1!D21 -> 96 Park Street | E13: =Sheet1!B21 -> 8 | F13: =Sheet1!E21 -> Hartford | G13: =Sheet1!F21 -> CT | H13: =Sheet1!G21 -> 06106 | J13: (860) 483-1810 | K13: BMW X1
A14: =Sheet1!H22 -> Shara | B14: =Sheet1!I22 -> Ferguson | C14: =Sheet1!A22 -> S0001 - 90 Park St | D14: =Sheet1!D22 -> 90-100 Park Street | E14: =Sheet1!B22 -> 1 | F14: =Sheet1!E22 -> Hartford | G14: =Sheet1!F22 -> CT | H14: =Sheet1!G22 -> 06106 | J14: (860) 331-3667 | K14: 2010 Honda Pilot | L14: Black | M14: BK61474 | N14: 2005 Nissan Altima | O14: White | P14: New Hampshire 5006419
A15: =Sheet1!H23 -> Ashley | B15: =Sheet1!I23 -> Mcquillar | C15: =Sheet1!A23 -> S0001 - 90 Park St | D15: =Sheet1!D23 -> 90-100 Park Street | E15: =Sheet1!B23 -> 3 | F15: =Sheet1!E23 -> Hartford | G15: =Sheet1!F23 -> CT | H15: =Sheet1!G23 -> 06106 | J15: (203) 415-6038
A16: =Sheet1!H24 -> Domingo | B16: =Sheet1!I24 -> Perez-Garcia | C16: =Sheet1!A24 -> S0001 - 90 Park St | D16: =Sheet1!D24 -> 94 Park Street | E16: =Sheet1!B24 -> 5 - E | F16: =Sheet1!E24 -> Hartford | G16: =Sheet1!F24 -> CT | H16: =Sheet1!G24 -> 06106
A17: =Sheet1!H25 -> Cristobal | B17: =Sheet1!I25 -> Rivera | C17: =Sheet1!A25 -> S0001 - 90 Park St | D17: =Sheet1!D25 -> 94 Park Street | E17: =Sheet1!B25 -> 5 - A | F17: =Sheet1!E25 -> Hartford | G17: =Sheet1!F25 -> CT | H17: =Sheet1!G25 -> 06106 | J17: (959) 248-1413
A18: =Sheet1!H26 -> Maritsa | B18: =Sheet1!I26 -> Gonzalez | C18: =Sheet1!A26 -> S0001 - 90 Park St | D18: =Sheet1!D26 -> 90-100 Park Street - 2 | E18: =Sheet1!B26 -> 2 | F18: =Sheet1!E26 -> Hartford | G18: =Sheet1!F26 -> CT | H18: =Sheet1!G26 -> 06106 | J18: (413) 769-0068
A19: =Sheet1!H27 -> German | B19: =Sheet1!I27 -> Santiago | C19: =Sheet1!A27 -> S0001 - 90 Park St | D19: =Sheet1!D27 -> 90-100 Park Street | E19: =Sheet1!B27 -> 7 - A | F19: =Sheet1!E27 -> Hartford | G19: =Sheet1!F27 -> CT | H19: =Sheet1!G27 -> 06106 | J19: (860) 244-3209 | K19: 2004 Jeep Liberty | L19: Brown | M19: BU23143
A20: =Sheet1!H28 -> Natalie | B20: =Sheet1!I28 -> Morales | C20: =Sheet1!A28 -> S0001 - 90 Park St | D20: =Sheet1!D28 -> 90-100 Park Street | E20: =Sheet1!B28 -> 7 - B | F20: =Sheet1!E28 -> Hartford | G20: =Sheet1!F28 -> CT | H20: =Sheet1!G28 -> 06106
A21: =Sheet1!H29 -> Clarissa | B21: =Sheet1!I29 -> Escobar | C21: =Sheet1!A29 -> S0004 - 43 Frank | D21: =Sheet1!D29 -> 43-45 Franklin Avenue | E21: =Sheet1!B29 -> 2N | F21: =Sheet1!E29 -> Hartford | G21: =Sheet1!F29 -> CT | H21: =Sheet1!G29 -> 06114 | J21: (Skip)
A22: =Sheet1!H30 -> Judithlynn | B22: =Sheet1!I30 -> Vail | C22: =Sheet1!A30 -> S0004 - 43 Frank | D22: =Sheet1!D30 -> 43-45 Franklin Avenue | E22: =Sheet1!B30 -> 3N | F22: =Sheet1!E30 -> Hartford | G22: =Sheet1!F30 -> CT | H22: =Sheet1!G30 -> 06114 | J22: (Skip)
A23: =Sheet1!H31 -> Daisy | B23: =Sheet1!I31 -> Ramos | C23: =Sheet1!A31 -> S0004 - 43 Frank | D23: =Sheet1!D31 -> 43-45 Franklin Avenue | E23: =Sheet1!B31 -> 1N | F23: =Sheet1!E31 -> Hartford | G23: =Sheet1!F31 -> CT | H23: =Sheet1!G31 -> 06114 | J23: (Skip)
A24: =Sheet1!H32 -> Valerie | B24: =Sheet1!I32 -> Vazquez | C24: =Sheet1!A32 -> S0004 - 43 Frank | D24: =Sheet1!D32 -> 43-45 Franklin Avenue | E24: =Sheet1!B32 -> 1S | F24: =Sheet1!E32 -> Hartford | G24: =Sheet1!F32 -> CT | H24: =Sheet1!G32 -> 06114 | J24: (Skip)
A25: =Sheet1!H33 -> Bridget | B25: =Sheet1!I33 -> Nimani | C25: =Sheet1!A33 -> S0004 - 43 Frank | D25: =Sheet1!D33 -> 43-45 Franklin Avenue | E25: =Sheet1!B33 -> 3S | F25: =Sheet1!E33 -> Hartford | G25: =Sheet1!F33 -> CT | H25: =Sheet1!G33 -> 06114 | J25: (Skip)
A26: =Sheet1!H34 -> Anthony | B26: =Sheet1!I34 -> Nimani | C26: =Sheet1!A34 -> S0004 - 43 Frank | D26: =Sheet1!D34 -> 43-45 Franklin Avenue | E26: =Sheet1!B34 -> 3S | F26: =Sheet1!E34 -> Hartford | G26: =Sheet1!F34 -> CT | H26: =Sheet1!G34 -> 06114 | J26: (Skip)
A27: =Sheet1!H35 -> Dolores | B27: =Sheet1!I35 -> Arroyo | C27: =Sheet1!A35 -> S0005 - 47 Frank | D27: =Sheet1!D35 -> 47 Franklin Avenue | E27: =Sheet1!B35 -> 3 | F27: =Sheet1!E35 -> Hartford | G27: =Sheet1!F35 -> CT | H27: =Sheet1!G35 -> 06114 | J27: (860) 2069560 | K27: 2014 Electric GD | L27: Black | M27: BP57967
A28: Kishan | B28: Walker | C28: =Sheet1!A36 -> S0005 - 47 Frank | D28: =Sheet1!D36 -> 47 Franklin Avenue | E28: =Sheet1!B36 -> 1 | F28: =Sheet1!E36 -> Hartford | G28: =Sheet1!F36 -> CT | H28: =Sheet1!G36 -> 06114 | K28: Ford Explorer 2016 | L28: Brown | M28: BU41041
A29: =Sheet1!H37 -> Alexandra | B29: =Sheet1!I37 -> Baron | C29: =Sheet1!A37 -> S0005 - 47 Frank | D29: =Sheet1!D37 -> 47 Franklin Avenue | E29: =Sheet1!B37 -> 1 | F29: =Sheet1!E37 -> Hartford | G29: =Sheet1!F37 -> CT | H29: =Sheet1!G37 -> 06114 | J29: (Skip)
A30: =Sheet1!H38 -> Carlos | B30: =Sheet1!I38 -> Nieves | C30: =Sheet1!A38 -> S0005 - 47 Frank | D30: =Sheet1!D38 -> 47 Franklin Avenue | E30: =Sheet1!B38 -> 4 | F30: =Sheet1!E38 -> Hartford | G30: =Sheet1!F38 -> CT | H30: =Sheet1!G38 -> 06114 | J30: (Skip)
A31: =Sheet1!H39 -> Cynthia | B31: =Sheet1!I39 -> Burnham | C31: =Sheet1!A39 -> S0005 - 47 Frank | D31: =Sheet1!D39 -> 47 Franklin Avenue | E31: =Sheet1!B39 -> 2 | F31: =Sheet1!E39 -> Hartford | G31: =Sheet1!F39 -> CT | H31: =Sheet1!G39 -> 06114 | J31: (860) 656-5984 | K31: Nissan Sentra 2005 | L31: Tan | M31: 4XF814
A32: =Sheet1!H40 -> Lui | B32: =Sheet1!I40 -> Maldonado | C32: =Sheet1!A40 -> S0006 - 15 Whitmore | D32: =Sheet1!D40 -> 15 Whitmore Street | E32: =Sheet1!B40 -> 1W - B & C | F32: =Sheet1!E40 -> Hartford | G32: =Sheet1!F40 -> CT | H32: =Sheet1!G40 -> 06114 | J32: (860) 7897247 | K32: 2011 Lincoln MKZ 4 Door sedan | L32: Burgundy | M32: BM45035
A33: =Sheet1!H41 -> Nizi | B33: =Sheet1!I41 -> Santiago | C33: =Sheet1!A41 -> S0006 - 15 Whitmore | D33: =Sheet1!D41 -> 15-17 Whitmore Street | E33: =Sheet1!B41 -> 1W - A | F33: =Sheet1!E41 -> Hartford | G33: =Sheet1!F41 -> CT | H33: =Sheet1!G41 -> 06114 | J33: (860) 488-7659
A34: =Sheet1!H42 -> Martin | B34: =Sheet1!I42 -> Cruz Mamani | C34: =Sheet1!A42 -> S0006 - 15 Whitmore | D34: =Sheet1!D42 -> 15-17 Whitmore Street - | E34: =Sheet1!B42 -> 3W | F34: =Sheet1!E42 -> Hartford | G34: =Sheet1!F42 -> CT | H34: =Sheet1!G42 -> 06114 | J34: (860) 816-7003 | K34: 2008 Subaru Outback | L34: Blue | M34: BS86380
A35: =Sheet1!H43 -> Angelina | B35: =Sheet1!I43 -> Dalessandro | C35: =Sheet1!A43 -> S0006 - 15 Whitmore | D35: =Sheet1!D43 -> 15-17 Whitmore Street | E35: =Sheet1!B43 -> 3E | F35: =Sheet1!E43 -> Hartford | G35: =Sheet1!F43 -> CT | H35: =Sheet1!G43 -> 06114 | J35: (203) 833-0869 | K35: 2008 Honda | L35: Black | M35: BR35201
A36: =Sheet1!H44 -> Tania | B36: =Sheet1!I44 -> Smith | C36: =Sheet1!A44 -> S0006 - 15 Whitmore | D36: =Sheet1!D44 -> 15 Whitmore Street | E36: =Sheet1!B44 -> 2E | F36: =Sheet1!E44 -> Hartford | G36: =Sheet1!F44 -> CT | H36: =Sheet1!G44 -> 06114 | J36: (860) 773-9038
A37: =Sheet1!H45 -> Shawneice | B37: =Sheet1!I45 -> Ragland | C37: =Sheet1!A45 -> S0006 - 15 Whitmore | D37: =Sheet1!D45 -> 15-17 Whitmore Street | E37: =Sheet1!B45 -> 1E | F37: =Sheet1!E45 -> Hartford | G37: =Sheet1!F45 -> CT | H37: =Sheet1!G45 -> 06114 | J37: (860) 280-4665 | K37: Mercedes Benz ML350 | L37: Silver | M37: BF77668
A38: =Sheet1!H46 -> Destiny | B38: =Sheet1!I46 -> Peele | C38: =Sheet1!A46 -> S0006 - 15 Whitmore | D38: =Sheet1!D46 -> 15 Whitmore Street | E38: =Sheet1!B46 -> 2W | F38: =Sheet1!E46 -> Hartford | G38: =Sheet1!F46 -> CT | H38: =Sheet1!G46 -> 06114 | J38: (959) 208-6327
A39: =Sheet1!H47 -> Shaneequa | B39: =Sheet1!I47 -> Allen | C39: =Sheet1!A47 -> S0007 - 36 Whit | D39: =Sheet1!D47 -> 36 Whitmore Street | E39: =Sheet1!B47 -> 2E | F39: =Sheet1!E47 -> Hartford | G39: =Sheet1!F47 -> CT | H39: =Sheet1!G47 -> 06114 | J39: (860) 719-7463 | K39: 2010 Dodge Caliber | L39: Gold | M39: BU01442
A40: =Sheet1!H48 -> Ramon | B40: =Sheet1!I48 -> Casiano | C40: =Sheet1!A48 -> S0007 - 36 Whit | D40: =Sheet1!D48 -> 36 Whitmore Street | E40: =Sheet1!B48 -> 3W | F40: =Sheet1!E48 -> Hartford | G40: =Sheet1!F48 -> CT | H40: =Sheet1!G48 -> 06114 | J40: (860) 967-4098 | K40: 2016 Ford Expedition | L40: Black | M40: BU01800
A41: =Sheet1!H49 -> Yessica | B41: =Sheet1!I49 -> Rodriguez-Ortiz | C41: =Sheet1!A49 -> S0007 - 36 Whit | D41: =Sheet1!D49 -> 36 Whitmore Street | E41: =Sheet1!B49 -> 3E | F41: =Sheet1!E49 -> Hartford | G41: =Sheet1!F49 -> CT | H41: =Sheet1!G49 -> 06114 | J41: (860) 477-6241
A42: =Sheet1!H50 -> Taurie | B42: =Sheet1!I50 -> Wallace | C42: =Sheet1!A50 -> S0007 - 36 Whit | D42: =Sheet1!D50 -> 36 Whitmore Street | E42: =Sheet1!B50 -> 1W | F42: =Sheet1!E50 -> Hartford | G42: =Sheet1!F50 -> CT | H42: =Sheet1!G50 -> 06114 | J42: (229) 621-1967 | K42: 2013 Honda Accord EXL | L42: Gold | M42: 4BL782
A43: =Sheet1!H51 -> Jeanete Mercedez | B43: =Sheet1!I51 -> Gonzalez | C43: =Sheet1!A51 -> S0007 - 36 Whit | D43: =Sheet1!D51 -> 0 | E43: =Sheet1!B51 -> 3W | F43: =Sheet1!E51 -> 0 | G43: =Sheet1!F51 -> 0 | H43: =Sheet1!G51 -> 0
A44: =Sheet1!H52 -> Carmen | B44: =Sheet1!I52 -> Vargas-Espinosa | C44: =Sheet1!A52 -> S0007 - 36 Whit | D44: =Sheet1!D52 -> 36 Whitmore Street | E44: =Sheet1!B52 -> 1E | F44: =Sheet1!E52 -> Hartford | G44: =Sheet1!F52 -> CT | H44: =Sheet1!G52 -> 06114 | J44: (860) 840-6460 | K44: 2014 Nissan central | L44: Gray | M44: BE37349
A45: =Sheet1!H53 -> Samantha | B45: =Sheet1!I53 -> Jordan | C45: =Sheet1!A53 -> S0008 - 38 Whit | D45: =Sheet1!D53 -> 38 Whitmore Street | E45: =Sheet1!B53 -> 2W | F45: =Sheet1!E53 -> Hartford | G45: =Sheet1!F53 -> CT | H45: =Sheet1!G53 -> 06114 | J45: (860) 776-5557
A46: =Sheet1!H54 -> Tiffani | B46: =Sheet1!I54 -> Thomas | C46: =Sheet1!A54 -> S0008 - 38 Whit | D46: =Sheet1!D54 -> 38 Whitmore Street | E46: =Sheet1!B54 -> 2E | F46: =Sheet1!E54 -> Hartford | G46: =Sheet1!F54 -> CT | H46: =Sheet1!G54 -> 06114 | J46: (959) 226-7915
A47: =Sheet1!H55 -> Sylvanna | B47: =Sheet1!I55 -> Torres | C47: =Sheet1!A55 -> S0008 - 38 Whit | D47: =Sheet1!D55 -> 38 Whitmore Street | E47: =Sheet1!B55 -> 1W | F47: =Sheet1!E55 -> Hartford | G47: =Sheet1!F55 -> CT | H47: =Sheet1!G55 -> 06114 | J47: (860) 984-6224 | K47: 2004 Buick LaSabre | L47: Burgandy
A48: =Sheet1!H56 -> Migdalia | B48: =Sheet1!I56 -> Negron-Soto | C48: =Sheet1!A56 -> S0008 - 38 Whit | D48: =Sheet1!D56 -> 38 Whitmore Street | E48: =Sheet1!B56 -> 3E | F48: =Sheet1!E56 -> Hartford | G48: =Sheet1!F56 -> CT | H48: =Sheet1!G56 -> 06114 | J48: (860) 719-6894 | K48: 2008 Jeep Liberty | L48: White | M48: BK83622
A49: =Sheet1!H57 -> Toccara | B49: =Sheet1!I57 -> Smith | C49: =Sheet1!A57 -> S0008 - 38 Whit | D49: =Sheet1!D57 -> 38 Whitmore Street | E49: =Sheet1!B57 -> 1E | F49: =Sheet1!E57 -> Hartford | G49: =Sheet1!F57 -> CT | H49: =Sheet1!G57 -> 06114 | J49: (860) 796-2104
A50: =Sheet1!H58 -> Sanya | B50: =Sheet1!I58 -> Arroyo-Mendez | C50: =Sheet1!A58 -> S0008 - 38 Whit | D50: =Sheet1!D58 -> 38 Whitmore Street | E50: =Sheet1!B58 -> 3W | F50: =Sheet1!E58 -> Hartford | G50: =Sheet1!F58 -> CT | H50: =Sheet1!G58 -> 06114 | J50: (959) 261-7575 | K50: 2006 Toyota Sienna | L50: Blue | M50: BP45715
A51: =Sheet1!H59 -> Roxanne | B51: =Sheet1!I59 -> Smith | C51: =Sheet1!A59 -> S0011 - 110 Martin | D51: =Sheet1!D59 -> 110 Martin St | E51: =Sheet1!B59 -> 1 | F51: =Sheet1!E59 -> Hartford | G51: =Sheet1!F59 -> CT | H51: =Sheet1!G59 -> 06120 | J51: (203) 970-0155
A52: =Sheet1!H60 -> Tammy | B52: =Sheet1!I60 -> Leach | C52: =Sheet1!A60 -> S0011 - 110 Martin | D52: =Sheet1!D60 -> 110 Martin St | E52: =Sheet1!B60 -> 2 | F52: =Sheet1!E60 -> Hartford | G52: =Sheet1!F60 -> CT | H52: =Sheet1!G60 -> 06120 | J52: (860) 895-7373
A53: =Sheet1!H61 -> Lerona | B53: =Sheet1!I61 -> Barno Swain | C53: =Sheet1!A61 -> S0011 - 110 Martin | D53: =Sheet1!D61 -> 110 Martin St | E53: =Sheet1!B61 -> 5 | F53: =Sheet1!E61 -> Hartford | G53: =Sheet1!F61 -> CT | H53: =Sheet1!G61 -> 06120 | J53: (860) 834 8273 | K53: 2010 Acur TSX | L53: Grey | M53: AV87381 | N53: 2007 Nissan Maxima LS | O53: Grey | P53: AJ40209
A55: =Sheet1!H62 -> Theresa | B55: =Sheet1!I62 -> Coleman | C55: =Sheet1!A62 -> S0011 - 110 Martin | D55: =Sheet1!D62 -> 110 Martin St | E55: =Sheet1!B62 -> 7 | F55: =Sheet1!E62 -> Hartford | G55: =Sheet1!F62 -> CT | H55: =Sheet1!G62 -> 06120 | J55: (860) 734-7309
A56: =Sheet1!H63 -> Salena | B56: =Sheet1!I63 -> Rivera | C56: =Sheet1!A63 -> S0011 - 110 Martin | D56: =Sheet1!D63 -> 110 Martin St | E56: =Sheet1!B63 -> 4 | F56: =Sheet1!E63 -> Hartford | G56: =Sheet1!F63 -> CT | H56: =Sheet1!G63 -> 06120 | J56: (959) 2626103 | K56: 2013 Nissan Rogue | L56: Grey | M56: 5RKM68
A57: Miesha | B57: Ledbetter | C57: S0011 - 110 Martin | D57: 110 Martin | E57: 6 | F57: =Sheet1!E64 -> Hartford | G57: =Sheet1!F64 -> CT | H57: =Sheet1!G64 -> 06120 | J57: (860) 655-3289 | K57: 2015 Infiniti Q50 | L57: White | M57: BS97182
A58: =Sheet1!H64 -> Melissa | B58: =Sheet1!I64 -> Johnson | C58: =Sheet1!A64 -> S0012 - 120 Martin | D58: =Sheet1!D64 -> 120 Martin | E58: =Sheet1!B64 -> 1st | F58: =Sheet1!E64 -> Hartford | G58: =Sheet1!F64 -> CT | H58: =Sheet1!G64 -> 06120 | J58: (860) 833-7279 | K58: 2020 Nissan Rogue Sport | L58: Black | M58: BJ18561
A59: =Sheet1!H65 -> Rosa | B59: =Sheet1!I65 -> Diaz | C59: =Sheet1!A65 -> S0012 - 120 Martin | D59: =Sheet1!D65 -> 120 Martin | E59: =Sheet1!B65 -> 2nd | F59: =Sheet1!E65 -> Hartford | G59: =Sheet1!F65 -> CT | H59: =Sheet1!G65 -> 06120 | J59: (860) 995-3362 | K59: 2017 Subaru Outback | L59: White | M59: BK62979 | N59: 2009 Mazda CX7 | O59: White | P59: 118WLY | Q59: 2014 Ford Explorer | R59: Grey | S59: AM71058
A60: =Sheet1!H66 -> Pedro | B60: =Sheet1!I66 -> Rivera | C60: =Sheet1!A66 -> S0013 - 152 Wooster | D60: =Sheet1!D66 -> 152-154 Wooster St | E60: =Sheet1!B66 -> 1A | F60: =Sheet1!E66 -> Hartford | G60: =Sheet1!F66 -> CT | H60: =Sheet1!G66 -> 06120 | J60: (860) 882-7635 | K60: 2012 Nissan Altima | L60: Grey | M60: AN38549
A61: =Sheet1!H67 -> Madelene | B61: =Sheet1!I67 -> Rivera | C61: =Sheet1!A67 -> S0013 - 152 Wooster | D61: =Sheet1!D67 -> 152-154 Wooster St | E61: =Sheet1!B67 -> 1B | F61: =Sheet1!E67 -> Hartford | G61: =Sheet1!F67 -> CT | H61: =Sheet1!G67 -> 06120 | J61: (860) 656-4293 | K61: 2005 SUV Honda Pilot | L61: Black | M61: BV45702
A62: =Sheet1!H68 -> Johnnie | B62: =Sheet1!I68 -> Hudson | C62: =Sheet1!A68 -> S0013 - 152 Wooster | D62: =Sheet1!D68 -> 152-154 Wooster St | E62: =Sheet1!B68 -> 2A | F62: =Sheet1!E68 -> Hartford | G62: =Sheet1!F68 -> CT | H62: =Sheet1!G68 -> 06120 | J62: (860) 840-9160 | K62: Malibu 2006 | L62: Grey | M62: AC87455
A63: =Sheet1!H69 -> Leondard | B63: =Sheet1!I69 -> Schuler | C63: =Sheet1!A69 -> S0013 - 152 Wooster | D63: =Sheet1!D69 -> 152-154 Wooster St | E63: =Sheet1!B69 -> 2A | F63: =Sheet1!E69 -> Hartford | G63: =Sheet1!F69 -> CT | H63: =Sheet1!G69 -> 06120 | J63: (860) 890-0280 | K63: 2013 Toyota Zenix | L63: Black | M63: BB59165
A64: =Sheet1!H70 -> Marilyn | B64: =Sheet1!I70 -> Rivera | C64: =Sheet1!A70 -> S0013 - 152 Wooster | D64: =Sheet1!D70 -> 152-154 Wooster St | E64: =Sheet1!B70 -> 2B | F64: =Sheet1!E70 -> Hartford | G64: =Sheet1!F70 -> CT | H64: =Sheet1!G70 -> 06120 | J64: (860) 463-8447 | K64: 2017 Honda Civic | L64: Black | M64: BU41031
A65: =Sheet1!H71 -> Denise | B65: =Sheet1!I71 -> Rivera | C65: =Sheet1!A71 -> S0013 - 152 Wooster | D65: =Sheet1!D71 -> 152-154 Wooster St | E65: =Sheet1!B71 -> 3A | F65: =Sheet1!E71 -> Hartford | G65: =Sheet1!F71 -> CT | H65: =Sheet1!G71 -> 06120 | J65: (860) 532-9969 | K65: 2020 Nissan Rouge | L65: Black | M65: AR65486
A66: =Sheet1!H72 -> Tamika | B66: =Sheet1!I72 -> Miller | C66: =Sheet1!A72 -> S0013 - 152 Wooster | D66: =Sheet1!D72 -> 152-154 Wooster St | E66: =Sheet1!B72 -> 3B | F66: =Sheet1!E72 -> Hartford | G66: =Sheet1!F72 -> CT | H66: =Sheet1!G72 -> 06120 | J66: (860) 709-1723
A67: =Sheet1!H73 -> Dilcia | B67: =Sheet1!I73 -> Burgos | C67: =Sheet1!A73 -> S0014 - 160 Wooster | D67: =Sheet1!D73 -> 160 Wooster St | E67: =Sheet1!B73 -> 1 | F67: =Sheet1!E73 -> Hartford | G67: =Sheet1!F73 -> CT | H67: =Sheet1!G73 -> 06120 | J67: (860) 833-2364
A68: =Sheet1!H74 -> Eriyana | B68: =Sheet1!I74 -> Vinson | C68: =Sheet1!A74 -> S0014 - 160 Wooster | D68: =Sheet1!D74 -> 160 Wooster St | E68: =Sheet1!B74 -> 3 | F68: =Sheet1!E74 -> Hartford | G68: =Sheet1!F74 -> CT | H68: =Sheet1!G74 -> 06120 | J68: (860) 619-1781 | K68: 2019 Infiniti QX50 | L68: Black | M68: BB79865
A69: Michelle | B69: Thornton | C69: =Sheet1!A75 -> S0014 - 160 Wooster | D69: =Sheet1!D75 -> 160 Wooster St | E69: =Sheet1!B75 -> 2 | F69: =Sheet1!E75 -> Hartford | G69: =Sheet1!F75 -> CT | H69: =Sheet1!G75 -> 06120 | J69: (931) 206-7745 | K69: 2021 Ford Edge | L69: White | M69: 4MDP93
A70: =Sheet1!H76 -> Heriberto / Evelyn | B70: =Sheet1!I76 -> Gonzalez | C70: =Sheet1!A76 -> S0016 - 1721 Main | D70: =Sheet1!D76 -> 1721 Main Street | E70: =Sheet1!B76 -> 1721 | F70: =Sheet1!E76 -> Hartford | G70: =Sheet1!F76 -> CT | H70: =Sheet1!G76 -> 06120 | J70: 860) 816-1635 | K70: 2009 Toyota Siennax | L70: Tan | M70: AY23666 | N70: 2007 Honda CYV LX | O70: Red | P70: 844ZRP
A71: =Sheet1!H77 -> Lawanne | B71: =Sheet1!I77 -> Harris | C71: =Sheet1!A77 -> S0016 - 1721 Main | D71: =Sheet1!D77 -> 1723 Main Street | E71: =Sheet1!B77 -> 1723 | F71: =Sheet1!E77 -> Hartford | G71: =Sheet1!F77 -> CT | H71: =Sheet1!G77 -> 06120 | J71: (959) 282 6494 | K71: 2020 Mitsubishi Outlander | L71: Grey | M71: AU10593
A72: =Sheet1!H78 -> Terrance | B72: =Sheet1!I78 -> Perry | C72: =Sheet1!A78 -> S0016 - 1721 Main | D72: =Sheet1!D78 -> 1725 Main Street | E72: =Sheet1!B78 -> 1725 | F72: =Sheet1!E78 -> Hartford | G72: =Sheet1!F78 -> CT | H72: =Sheet1!G78 -> 06120 | J72: (Skip)
A73: =Sheet1!H79 -> Rondesha | B73: =Sheet1!I79 -> Brooks | C73: =Sheet1!A79 -> S0016 - 1721 Main | D73: =Sheet1!D79 -> 1727 Main Street | E73: =Sheet1!B79 -> 1727 | F73: =Sheet1!E79 -> Hartford | G73: =Sheet1!F79 -> CT | H73: =Sheet1!G79 -> 06120 | J73: (860) 821-4750
A74: =Sheet1!H80 -> Jaylin | B74: =Sheet1!I80 -> Jackson | C74: =Sheet1!A80 -> S0016 - 1721 Main | D74: =Sheet1!D80 -> 1729 Main Street | E74: =Sheet1!B80 -> 1729 | F74: =Sheet1!E80 -> Hartford | G74: =Sheet1!F80 -> CT | H74: =Sheet1!G80 -> 06120 | J74: (959) 599-7832
A75: =Sheet1!H81 -> Coraima | B75: =Sheet1!I81 -> Rivera | C75: =Sheet1!A81 -> S0016 - 1721 Main | D75: =Sheet1!D81 -> 1733 Main Street | E75: =Sheet1!B81 -> 1733 | F75: =Sheet1!E81 -> Hartford | G75: =Sheet1!F81 -> CT | H75: =Sheet1!G81 -> 06120 | J75: (860) 888-8957 | K75: Acura MDX | L75: Grey | M75: AY33573
A76: =Sheet1!H82 -> Essie | B76: =Sheet1!I82 -> Williams | C76: =Sheet1!A82 -> S0016 - 1721 Main | D76: =Sheet1!D82 -> 1735 Main Street | E76: =Sheet1!B82 -> 1735 | F76: =Sheet1!E82 -> Hartford | G76: =Sheet1!F82 -> CT | H76: =Sheet1!G82 -> 06120 | J76: (860) 422-8201
A77: =Sheet1!H83 -> Evelyn | B77: =Sheet1!I83 -> Rivera | C77: =Sheet1!A83 -> S0016 - 1721 Main | D77: =Sheet1!D83 -> 1721-1735 Main St | E77: =Sheet1!B83 -> 1721 | F77: =Sheet1!E83 -> Hartford | G77: =Sheet1!F83 -> CT | H77: =Sheet1!G83 -> 06112 | J77: (860) 816-1635 | K77: 2009 Toyota Sienna | L77: Tan | M77: AY23666 | N77: 2007 Honda CRV LY | O77: Red | P77: 844ZRP
A78: =Sheet1!H84 -> Heidi | B78: =Sheet1!I84 -> Wilson | C78: =Sheet1!A84 -> S0017 - 69 Chestnut | D78: =Sheet1!D84 -> 71-73 Chestnut St | E78: =Sheet1!B84 -> 71A | F78: =Sheet1!E84 -> Hartford | G78: =Sheet1!F84 -> CT | H78: =Sheet1!G84 -> 06120 | J78: (860) 890-1970 | K78: 2017 Nissan Pathfinder | L78: Grey | M78: BJ02906
A79: =Sheet1!H85 -> Larry | B79: =Sheet1!I85 -> Drunnamanio | C79: =Sheet1!A85 -> S0017 - 69 Chestnut | D79: =Sheet1!D85 -> 71-73 Chestnut St | E79: =Sheet1!B85 -> 71B | F79: =Sheet1!E85 -> Hartford | G79: =Sheet1!F85 -> CT | H79: =Sheet1!G85 -> 06120 | J79: (860) 310-9778
A80: =Sheet1!H86 -> Shanette | B80: =Sheet1!I86 -> Gaston | C80: =Sheet1!A86 -> S0017 - 69 Chestnut | D80: =Sheet1!D86 -> 71-73 Chestnut St | E80: =Sheet1!B86 -> 71C | F80: =Sheet1!E86 -> Hartford | G80: =Sheet1!F86 -> CT | H80: =Sheet1!G86 -> 06120 | J80: (959) 599 8875 | K80: 2017 Infiniti QX60 | L80: Grey | M80: BU36031
A81: =Sheet1!H87 -> Takaria | B81: =Sheet1!I87 -> Taylor | C81: =Sheet1!A87 -> S0017 - 69 Chestnut | D81: =Sheet1!D87 -> 71-73 Chestnut St | E81: =Sheet1!B87 -> 73B | F81: =Sheet1!E87 -> Hartford | G81: =Sheet1!F87 -> CT | H81: =Sheet1!G87 -> 06120 | J81: (860) 938-5154 | K81: 2012 Nissan maxima | L81: White | M81: AG03191
A82: =Sheet1!H88 -> Ruby | B82: =Sheet1!I88 -> Smith | C82: =Sheet1!A88 -> S0017 - 69 Chestnut | D82: =Sheet1!D88 -> 71-73 Chestnut St | E82: =Sheet1!B88 -> 73E | F82: =Sheet1!E88 -> Hartford | G82: =Sheet1!F88 -> CT | H82: =Sheet1!G88 -> 06120 | J82: (860) 837-1597
A83: =Sheet1!H89 -> Adamaris | B83: =Sheet1!I89 -> Quinones | C83: =Sheet1!A89 -> S0017 - 69 Chestnut | D83: =Sheet1!D89 -> 71-73 Chestnut St | E83: =Sheet1!B89 -> 71D | F83: =Sheet1!E89 -> Hartford | G83: =Sheet1!F89 -> CT | H83: =Sheet1!G89 -> 06120 | J83: (860) 794-1573 | K83: Kia sedona 2006 | L83: Silver | M83: BA08598 | N83: Toyota corolla SE 2010 | O83: White | P83: AX13852
A84: =Sheet1!H90 -> Tamisha | B84: =Sheet1!I90 -> Garrett | C84: =Sheet1!A90 -> S0017 - 69 Chestnut | D84: =Sheet1!D90 -> 71-73 Chestnut St | E84: =Sheet1!B90 -> 71E | F84: =Sheet1!E90 -> Hartford | G84: =Sheet1!F90 -> CT | H84: =Sheet1!G90 -> 06120 | J84: (860) 970-3581
A85: =Sheet1!H91 -> Shanelle | B85: =Sheet1!I91 -> Snipes | C85: =Sheet1!A91 -> S0017 - 69 Chestnut | D85: =Sheet1!D91 -> 71-73 Chestnut St | E85: =Sheet1!B91 -> 73D | F85: =Sheet1!E91 -> Hartford | G85: =Sheet1!F91 -> CT | H85: =Sheet1!G91 -> 06120 | J85: (860) 804-9327 | K85: 2022 Nissan rouge | L85: Black | M85: 1MX
A86: =Sheet1!H92 -> Gloria | B86: =Sheet1!I92 -> Bolden | C86: =Sheet1!A92 -> S0017 - 69 Chestnut | D86: =Sheet1!D92 -> 71-73 Chestnut St | E86: =Sheet1!B92 -> 73C | F86: =Sheet1!E92 -> Hartford | G86: =Sheet1!F92 -> CT | H86: =Sheet1!G92 -> 06120 | J86: (860) 789-7089 | K86: 2019 Lexus ES 350 | L86: White | M86: BS48893
A87: =Sheet1!H93 -> Mariangelys | B87: =Sheet1!I93 -> Lopez Santiago | C87: =Sheet1!A93 -> S0017 - 69 Chestnut | D87: =Sheet1!D93 -> 71-73 Chestnut St | E87: =Sheet1!B93 -> 73A | F87: =Sheet1!E93 -> Hartford | G87: =Sheet1!F93 -> CT | H87: =Sheet1!G93 -> 06120 | J87: (959) 256 7035 | K87: 2006 Acura Tsx | L87: Blue | M87: BU23684
A88: =Sheet1!H94 -> Johnnie | B88: =Sheet1!I94 -> Battles | C88: =Sheet1!A94 -> S0018 - 90 Edwards | D88: =Sheet1!D94 -> 90 Edwards St | E88: =Sheet1!B94 -> 90A | F88: =Sheet1!E94 -> Hartford | G88: =Sheet1!F94 -> CT | H88: =Sheet1!G94 -> 06120 | J88: (860) 804-6976 | K88: 2011 Dodge | L88: Gold | M88: C399669 | N88: 2011 Lexus | O88: Black | P88: BR04095
A89: =Sheet1!H95 -> Iris | B89: =Sheet1!I95 -> Amaro | C89: =Sheet1!A95 -> S0018 - 90 Edwards | D89: =Sheet1!D95 -> 90 Edwards St | E89: =Sheet1!B95 -> 90C | F89: =Sheet1!E95 -> Hartford | G89: =Sheet1!F95 -> CT | H89: =Sheet1!G95 -> 06120 | J89: 860) 478-2263 | K89: 2016 KIA Optima | L89: Sangria | M89: 198ZGC
A90: =Sheet1!H96 -> Claryssa | B90: =Sheet1!I96 -> Mara Branch | C90: =Sheet1!A96 -> S0018 - 90 Edwards | D90: =Sheet1!D96 -> 90 Edwards St | E90: =Sheet1!B96 -> 90C | F90: =Sheet1!E96 -> Hartford | G90: =Sheet1!F96 -> CT | H90: =Sheet1!G96 -> 06010
A91: =Sheet1!H97 -> 0 | B91: =Sheet1!I97 -> 0 | C91: =Sheet1!A97 -> S0020 - 31 Park | D91: =Sheet1!D97 -> 33 Park St | E91: =Sheet1!B97 -> Retail 1 | F91: =Sheet1!E97 -> Hartford | G91: =Sheet1!F97 -> CT | H91: =Sheet1!G97 -> 06106
A92: =Sheet1!H98 -> BOOST | B92: =Sheet1!I98 -> Mobile | C92: =Sheet1!A98 -> S0021 - 69 Park | D92: =Sheet1!D98 -> 67 Park St | E92: =Sheet1!B98 -> COM 67 Park | F92: =Sheet1!E98 -> Hartford | G92: =Sheet1!F98 -> CT | H92: =Sheet1!G98 -> 61606
A93: =Sheet1!H99 -> Domitila | B93: =Sheet1!I99 -> Corona | C93: =Sheet1!A99 -> S0021 - 69 Park | D93: =Sheet1!D99 -> 67-69 Park St | E93: =Sheet1!B99 -> 201 | F93: =Sheet1!E99 -> Hartford | G93: =Sheet1!F99 -> CT | H93: =Sheet1!G99 -> 61606 | J93: (860) 553-1600
A94: =Sheet1!H100 -> Maria | B94: =Sheet1!I100 -> Nunez | C94: =Sheet1!A100 -> S0021 - 69 Park | D94: =Sheet1!D100 -> 67-69 Park St | E94: =Sheet1!B100 -> 202 | F94: =Sheet1!E100 -> Hartford | G94: =Sheet1!F100 -> CT | H94: =Sheet1!G100 -> 61606 | J94: (860) 778-2400
A95: =Sheet1!H101 -> Omyra | B95: =Sheet1!I101 -> Lockhart | C95: =Sheet1!A101 -> S0021 - 69 Park | D95: =Sheet1!D101 -> 67-69 Park St | E95: =Sheet1!B101 -> 302 | F95: =Sheet1!E101 -> Hartford | G95: =Sheet1!F101 -> CT | H95: =Sheet1!G101 -> 61606 | J95: (959) 333-6862 | K95: 2013 Nissan Pathfind | L95: Grey | M95: BC47349
A96: =Sheet1!H102 -> VICTORINO | B96: =Sheet1!I102 -> RODRIGUEZ | C96: =Sheet1!A102 -> S0021 - 69 Park | D96: =Sheet1!D102 -> 75 Park St | E96: =Sheet1!B102 -> COM 75 Park | F96: =Sheet1!E102 -> Hartford | G96: =Sheet1!F102 -> CT | H96: =Sheet1!G102 -> 61606 | J96: (860) 595-3062
A97: =Sheet1!H103 -> Nelida | B97: =Sheet1!I103 -> Garcia | C97: =Sheet1!A103 -> S0021 - 69 Park | D97: =Sheet1!D103 -> 67-69 Park St | E97: =Sheet1!B103 -> 301 | F97: =Sheet1!E103 -> Hartford | G97: =Sheet1!F103 -> CT | H97: =Sheet1!G103 -> 61606 | J97: (413) 463 9631 | K97: 2011 BMW 335IS Convertible | L97: Blue | M97: 118GA2
A98: =Sheet1!H104 -> Manuel | B98: =Sheet1!I104 -> Montas Jr | C98: =Sheet1!A104 -> S0021 - 69 Park | D98: =Sheet1!D104 -> 67-69 Park St | E98: =Sheet1!B104 -> 301 | F98: =Sheet1!E104 -> Hartford | G98: =Sheet1!F104 -> CT | H98: =Sheet1!G104 -> 61606 | J98: (413) 463 9631 | K98: 20014 Acura RSX | L98: Black | M98: BM96931
A99: =Sheet1!H105 -> 0 | B99: =Sheet1!I105 -> 0 | C99: =Sheet1!A105 -> S0022 - 87 Park | D99: =Sheet1!D105 -> 83 Park Street | E99: =Sheet1!B105 -> COM 83 Park | F99: =Sheet1!E105 -> Hartford | G99: =Sheet1!F105 -> CT | H99: =Sheet1!G105 -> 06106
A100: =Sheet1!H106 -> Adriana | B100: =Sheet1!I106 -> Calle | C100: =Sheet1!A106 -> S0022 - 87 Park | D100: =Sheet1!D106 -> 85 Park Street | E100: =Sheet1!B106 -> COM 85 Park | F100: =Sheet1!E106 -> Hartford | G100: =Sheet1!F106 -> CT | H100: =Sheet1!G106 -> 06106 | J100: (860) 212-5880
A101: =Sheet1!H107 -> Victor | B101: =Sheet1!I107 -> Vega | C101: =Sheet1!A107 -> S0022 - 87 Park | D101: =Sheet1!D107 -> 83-91 Park St | E101: =Sheet1!B107 -> 201 | F101: =Sheet1!E107 -> Hartford | G101: =Sheet1!F107 -> CT | H101: =Sheet1!G107 -> 06106 | J101: (860) 424 2912 | K101: Toyota Camry | L101: White | M101: BS67953
...
